name,address,type
"Velvet Luxe Salon, LLC",200 Main St,Beauty salon
Camelot Salons & Day Spa,855 Church St,Beauty salon
Supercuts Lakeview Commercial Center,953 S Township Line Rd,Beauty salon
Split Endz Full Service Salon,119 S 7th Ave,Beauty salon
Artemis Salon,615 Washington St,Beauty salon
Artemis Salon,615 Washington St,Beauty salon
Designs By Calina,7310 Riverfront Drive,Nail salon
T A Beyond Cuticles,301 N Lewis Rd # 65,Nail salon
"Royersford Nails & Spa, Inc.",265 Main St,Nail salon
Hair express,,Beauty salon
Tre Nail Bar,949 S Township Line Rd,Nail salon
Hair Studio,127 N Lewis Rd,Hair salon
Gina's Best Nail Salon,329 N 10th Ave,Nail salon
Riverside Salon,9 Riverside Dr,Beauty salon
Salon Chloe,203 Main St,Beauty salon
DyeVs Glam,89 N Main St,Beauty salon
Diamond Nails,51 E Bridge St,Nail salon
Orchid Nails Salon,70 Buckwalter Rd #319,Nail salon
Sas salon,306 W Ridge Pike,Beauty salon
Salon Pazza Bella,178 W Ridge Pike,Hair salon
Salon Evolve,196 W Ridge Pike,Beauty salon
Supercuts,1814 E Ridge Pike STE 102,Hair salon
Gwendolynn's Salon & Spa,628 W Ridge Pike,Beauty salon
Nova Salon LLC,377 W Ridge Pike # A,Beauty salon
Erin's Salon Etc,250 W Ridge Pike,Beauty salon
Beyoutiful by Salon Chloe,267 New St,Beauty salon
Master Nail Salon,"The Shoppes At, 1839 E Ridge Pike Suite 30",Nail salon
Dynamique Designs Hair Studio & Spa,803 W Main St,Beauty salon
Gretchen Elizabeth Salon,504 W Main St,Beauty salon
Great Length Hair Designs,493 W Ridge Pike,Beauty salon
Apothecary Hair Lounge: An Eco-Friendly Salon,316 W Ridge Pike F1,Hair salon
Porcelina Rae Unisex Salon,1610 W Main St,Beauty salon
Eden Nails,196 W Ridge Pike,Nail salon
Atwg Nails & Spa,23 W Ridge Pike suite a-9,Nail salon
Mane Street Hair Studio,1159 Main St #1161,Beauty salon
Avalanche Salon & Spa,60 Town Center Dr # 4,Beauty salon
Identity By Maisie,753 W Main St,Beauty salon
Mint Hair Studio,323 E Main St,Beauty salon
Sweet & Sassy,250 Plaza Drive,Beauty salon
Platinum Hair Salon & Skin Spa,379 W Main St,Beauty salon
Heaven Nails,329 N 10th Ave,Nail salon
Fashionistas Salon,347 E Main St,Beauty salon
The Wax & Beauty Bar,525 N Lewis Rd,Beauty salon
Kimberton Hair Studio,53 Ridge Rd,Beauty salon
House of Beauty by Genevieve,1153 Main St,Beauty salon
Pretty Nails,11 Kugler Rd,Nail salon
Pro Nails,1814 E Ridge Pike #108,Nail salon
Erin's Salon Etc,451 W Ridge Pike suite 455,Hair salon
Bollywood Spa,130 W Main St #110,Beauty salon
Charlotte Thomas Salon,31 Main St 1st floor,Beauty salon
Great Clips,1837 E Ridge Pike Ste 40,Beauty salon
Roseann's Hair Studio,550 Kimberton Rd Suite 13,Beauty salon
Rosi's Full Beauty Salon,276 Schuylkill Rd,Beauty salon
san san beauty nail spa,3563 Schuylkill Rd suite 8,Nail salon
Shine Hair Salon,327 W Ridge Pike # A,Hair salon
Great Clips,201 2nd Ave Ste 118,Beauty salon
Ultimate Hair Salon Inc,365 Nutt Rd,Nail salon
Hair Cuttery,33 W Ridge Pike Ste 369,Hair salon
Enchanted Nails & Spa,451 W Ridge Pike Suite 471,Nail salon
Salon Fiber,22 Main St,Beauty salon
Providence Spa & Nails,500 Broad Street,Nail salon
Salena Salon Inc,281 Schuylkill Rd,Beauty salon
Bella Persone Salon,222 E Main St Ste 7,Beauty salon
Roots By Niki,261 Schuylkill Rd,Beauty salon
L-E-X salon,43 Ridge Rd,Beauty salon
Nail Fantasies,332 W 7th Ave,Beauty salon
Cinderella Nail Salon,305 Bridge St,Nail salon
Gretchen Elizabeth Salon,25 Bridge St # 1,Beauty salon
Ulta Beauty,40 Town Center Dr,Beauty salon
Supercuts,700 Nutt Rd #718,Hair salon
Salon Chloe,604 Needle St,Beauty salon
Szabo's Styling Salon,1045 Mowere Rd,Beauty salon
Kimberton Nails,550 Kimberton Rd # 5,Nail salon
Eden Day Spa and Salon,378 W Main St,Beauty salon
LUSH Nail Bar,135 Bridge St,Nail salon
Top Nails and Spa,1850 S Collegeville Rd #103,Nail salon
Crystal Nails,522 Kimberton Rd,Nail salon
4 Seasons Nails & Spa,700 Nutt Rd #716,Nail salon
Collegeville Nails,222 E Main St # 115,Nail salon
Pro Nails,248 Schuylkill Rd #5203,Nail salon
Maria's Nails,344 E Main St,Nail salon
Apple Nail & Spa,255 Schuylkill Rd,Nail salon
Tre Spa Signature,420 Schuylkill Rd,Nail salon
Beautimarq Salon & Spa,3801 Germantown Pike # 103,Beauty salon
Sport Clips Haircuts of Collegeville,"250 Plaza Drive P4, #5",Hair salon
Bliss An Eco-Friendly Salon,12 W Main St,Beauty salon
Choppers Hair Shop,219 Main St,Barber shop
Level Seven Salon,427 Schuylkill Rd,Hair salon
Hand and Stone Massage and Facial Spa,1844 E W Ridge Pike,Massage therapist
Bella Persone Salon,222 E Main St #7,Hair salon
RAZRBAR,"Town Center and, 171 Market St",Barber shop
Salon Twenty Two and Spa,2135 E High St,Beauty salon
Lisa's Ultimate Image,1154 E High St,Beauty salon
Innovations A Hair Salon,538 Nutt Rd,Hair salon
European Wax Center,171 Market St Suite 3,Waxing hair removal service
J. Ulrich Makeup,,Beauty salon
Tips & Toes Nail Spa,515 Kimberton Rd,Nail salon
Lords & Ladies Salon and Medical Spa - Pottstown,64 King St,Beauty salon
Hair Cuttery,542 Kimberton Rd,Hair salon
Lords & Ladies Salon and Medical Spa - Gilbertsville,1804 Swamp Pike,Beauty salon
Wyomissing Hair Studio,Wyomissing,Hair salon
Supercuts,Oaks,Hair salon
Great Clips,Oaks,Beauty salon
Le Buzz,Phoenixville,Hair salon
Optima Nail Care,Pottstown,Nail salon
Massage Envy,Collegeville,Massage spa
Sally Beauty,Royersford,Beauty supply store
